interestID,name,detail
1,'nisl','Suspendisse accumsan tortor quis turpis. Sed ante.'
2,'nulla tellus','In quis justo. Maecenas rhoncus aliquam lacus.'
3,'nibh','Morbi quis tortor id nulla ultrices aliquet.'
4,'curabitur',"'Morbi vestibulum, velit id pretium iaculis, diam erat fermentum justo, nec condimentum neque sapien placerat ante. Nulla justo.'"
5,'dapibus nulla','Pellentesque ultrices mattis odio.'
6,'mauris ullamcorper','Maecenas tincidunt lacus at velit.'
7,'nunc proin','Curabitur gravida nisi at nibh.'
8,'blandit non','Vivamus tortor. Duis mattis egestas metus.'
9,'nibh in','Suspendisse potenti. Cras in purus eu magna vulputate luctus.'
10,'est',"'Aliquam augue quam, sollicitudin vitae, consectetuer eget, rutrum at, lorem. Integer tincidunt ante vel ipsum.'"
11,'ut',"'Vestibulum ante ipsum primis in faucibus orci luctus et ultrices posuere cubilia Curae; Donec pharetra, magna vestibulum aliquet ultrices, erat tortor sollicitudin mi, sit amet lobortis sapien sapien non mi.'"
12,'facilisi cras',"'Maecenas leo odio, condimentum id, luctus nec, molestie sed, justo. Pellentesque viverra pede ac diam.'"
13,'venenatis non',"'Curabitur in libero ut massa volutpat convallis. Morbi odio odio, elementum eu, interdum eu, tincidunt in, leo.'"
14,'in','Maecenas tincidunt lacus at velit.'
15,'dis','Proin eu mi. Nulla ac enim.'
16,'aliquam augue',"'Nam dui. Proin leo odio, porttitor id, consequat in, consequat ut, nulla.'"
17,'nullam sit','Sed ante.'
18,'justo',"'Lorem ipsum dolor sit amet, consectetuer adipiscing elit. Proin risus.'"
19,'vestibulum','Duis mattis egestas metus. Aenean fermentum.'
20,'proin eu','Nam dui.'
21,'sapien dignissim',"'Integer aliquet, massa id lobortis convallis, tortor risus dapibus augue, vel accumsan tellus nisi eu orci.'"
22,'quisque id',"'Praesent lectus. Vestibulum quam sapien, varius ut, blandit non, interdum in, ante.'"
23,'et ultrices',"'Cras pellentesque volutpat dui. Maecenas tristique, est et tempus semper, est quam pharetra magna, ac consequat metus sapien ut nunc.'"
24,'in imperdiet','Curabitur at ipsum ac tellus semper interdum. Mauris ullamcorper purus sit amet nulla.'
25,'lorem','Phasellus in felis. Donec semper sapien a libero.'
26,'odio consequat',"'In est risus, auctor sed, tristique in, tempus sit amet, sem. Fusce consequat.'"
27,'nunc','Nulla suscipit ligula in lacus.'
28,'turpis elementum',"'Nullam orci pede, venenatis non, sodales sed, tincidunt eu, felis. Fusce posuere felis sed lacus.'"
29,'ipsum','Vestibulum sed magna at nunc commodo placerat. Praesent blandit.'
30,'porttitor id',"'Maecenas leo odio, condimentum id, luctus nec, molestie sed, justo.'"
31,'vestibulum','In sagittis dui vel nisl.'
32,'aliquam lacus','Sed ante. Vivamus tortor.'
33,'pede',"'In blandit ultrices enim. Lorem ipsum dolor sit amet, consectetuer adipiscing elit.'"
34,'ut odio','Curabitur at ipsum ac tellus semper interdum. Mauris ullamcorper purus sit amet nulla.'
35,'vivamus','Pellentesque at nulla. Suspendisse potenti.'
36,'nisi venenatis',"'Cum sociis natoque penatibus et magnis dis parturient montes, nascetur ridiculus mus. Vivamus vestibulum sagittis sapien.'"
37,'pede',"'Nam congue, risus semper porta volutpat, quam pede lobortis ligula, sit amet eleifend pede libero quis orci. Nullam molestie nibh in lectus.'"
38,'eu','Quisque ut erat. Curabitur gravida nisi at nibh.'
39,'sollicitudin','Pellentesque viverra pede ac diam.'
40,'fusce','Mauris lacinia sapien quis libero. Nullam sit amet turpis elementum ligula vehicula consequat.'
41,'enim in','Donec semper sapien a libero. Nam dui.'
42,'sagittis nam','Proin interdum mauris non ligula pellentesque ultrices.'
43,'viverra diam','Morbi a ipsum. Integer a nibh.'
44,'nulla','Pellentesque eget nunc.'
45,'tristique tortor','Vestibulum ante ipsum primis in faucibus orci luctus et ultrices posuere cubilia Curae; Duis faucibus accumsan odio.'
46,'vestibulum','Phasellus sit amet erat.'
47,'turpis adipiscing','Nulla facilisi.'
48,'nisi eu','Aenean auctor gravida sem. Praesent id massa id nisl venenatis lacinia.'
49,'lorem vitae',"'Integer non velit. Donec diam neque, vestibulum eget, vulputate ut, ultrices vel, augue.'"
50,'amet',"'Morbi odio odio, elementum eu, interdum eu, tincidunt in, leo. Maecenas pulvinar lobortis est.'"
51,'orci pede','Duis consequat dui nec nisi volutpat eleifend. Donec ut dolor.'
52,'platea dictumst','Sed accumsan felis. Ut at dolor quis odio consequat varius.'
53,'augue',"'In est risus, auctor sed, tristique in, tempus sit amet, sem.'"
54,'varius integer','Morbi a ipsum.'
55,'nunc vestibulum','Aenean sit amet justo.'
56,'nunc','Mauris sit amet eros.'
57,'purus sit','Quisque ut erat. Curabitur gravida nisi at nibh.'
58,'cras in','Aliquam sit amet diam in magna bibendum imperdiet.'
59,'id','Maecenas ut massa quis augue luctus tincidunt.'
60,'proin risus','Pellentesque viverra pede ac diam.'
61,'nisi nam',"'Vestibulum quam sapien, varius ut, blandit non, interdum in, ante.'"
62,'est donec','Vestibulum sed magna at nunc commodo placerat. Praesent blandit.'
63,'vel lectus',"'In tempor, turpis nec euismod scelerisque, quam turpis adipiscing lorem, vitae mattis nibh ligula nec sem. Duis aliquam convallis nunc.'"
64,'proin at','Donec vitae nisi.'
65,'natoque penatibus','Integer ac neque. Duis bibendum.'
66,'in consequat',"'Cum sociis natoque penatibus et magnis dis parturient montes, nascetur ridiculus mus. Etiam vel augue.'"
67,'accumsan','Etiam justo. Etiam pretium iaculis justo.'
68,'metus','Duis at velit eu est congue elementum.'
69,'orci','Proin risus. Praesent lectus.'
70,'ipsum aliquam','Nullam molestie nibh in lectus. Pellentesque at nulla.'
71,'turpis',"'Integer non velit. Donec diam neque, vestibulum eget, vulputate ut, ultrices vel, augue.'"
72,'tempus vivamus','Vestibulum rutrum rutrum neque. Aenean auctor gravida sem.'
73,'nascetur','Nullam sit amet turpis elementum ligula vehicula consequat. Morbi a ipsum.'
74,'in tempor',"'Nunc nisl. Duis bibendum, felis sed interdum venenatis, turpis enim blandit mi, in porttitor pede justo eu massa.'"
75,'erat','Praesent blandit. Nam nulla.'
76,'mattis nibh','Pellentesque ultrices mattis odio. Donec vitae nisi.'
77,'sapien in',"'Duis bibendum, felis sed interdum venenatis, turpis enim blandit mi, in porttitor pede justo eu massa. Donec dapibus.'"
78,'elementum','Duis mattis egestas metus.'
79,'donec ut','Aenean sit amet justo.'
80,'turpis adipiscing','Duis bibendum.'
81,'duis',"'Fusce lacus purus, aliquet at, feugiat non, pretium quis, lectus. Suspendisse potenti.'"
82,'tempus',"'Quisque erat eros, viverra eget, congue eget, semper rutrum, nulla.'"
83,'dictumst','Donec quis orci eget orci vehicula condimentum. Curabitur in libero ut massa volutpat convallis.'
84,'massa','Nullam molestie nibh in lectus.'
85,'mauris laoreet','Suspendisse potenti.'
86,'elementum ligula','Duis consequat dui nec nisi volutpat eleifend.'
87,'ut suscipit','Vestibulum ante ipsum primis in faucibus orci luctus et ultrices posuere cubilia Curae; Duis faucibus accumsan odio. Curabitur convallis.'
88,'turpis enim','Fusce posuere felis sed lacus.'
89,'diam in','Nulla mollis molestie lorem.'
90,'tellus semper',"'Nam ultrices, libero non mattis pulvinar, nulla pede ullamcorper augue, a suscipit nulla elit ac nulla.'"
91,'etiam pretium','In sagittis dui vel nisl. Duis ac nibh.'
92,'lacinia','Nunc rhoncus dui vel sem. Sed sagittis.'
93,'et','Curabitur gravida nisi at nibh. In hac habitasse platea dictumst.'
94,'potenti','Nullam varius.'
95,'quisque ut','Donec ut dolor. Morbi vel lectus in quam fringilla rhoncus.'
96,'at','Nam dui.'
97,'placerat','Integer tincidunt ante vel ipsum.'
98,'pellentesque','Sed ante. Vivamus tortor.'
99,'consectetuer','Phasellus sit amet erat.'
100,'odio','Aliquam non mauris.'
