serviceID,pictureID,memberID,fileSize,url
26,1,61,311,'eepurl.com/ultrices.html'
27,2,58,12,'mashable.com/magna/vestibulum/aliquet/ultrices/erat/tortor/sollicitudin.jsp'
28,3,89,489,'jugem.jp/in.aspx'
29,4,63,58,'ox.ac.uk/metus/sapien/ut/nunc.jpg'
30,5,1,17,'com.com/hac/habitasse/platea/dictumst.aspx'
31,6,3,507,'huffingtonpost.com/feugiat/non.js'
32,7,76,513,'flavors.me/eu.jsp'
33,8,20,48,'adobe.com/lacinia/sapien/quis/libero/nullam/sit/amet.js'
34,9,66,49,'technorati.com/id.jpg'
35,10,67,947,'msn.com/nec.json'
36,11,77,49,'creativecommons.org/duis/ac/nibh/fusce/lacus/purus/aliquet.jpg'
37,12,80,507,'disqus.com/lacinia/sapien/quis.json'
38,13,32,776,'forbes.com/ac/consequat/metus.html'
39,14,84,94,'home.pl/varius.aspx'
40,15,15,101,'addtoany.com/ultrices/posuere/cubilia/curae/donec/pharetra/magna.png'
41,16,49,333,'newsvine.com/velit/id/pretium/iaculis/diam/erat.aspx'
42,17,19,783,'wikimedia.org/nec/sem/duis/aliquam/convallis/nunc.jsp'
43,18,99,617,'usatoday.com/vitae/mattis.jsp'
44,19,78,78,'yahoo.com/faucibus/orci/luctus/et/ultrices/posuere/cubilia.jpg'
45,20,99,188,'cnet.com/mauris/enim.png'
46,21,70,882,'fotki.com/sem/duis.xml'
47,22,9,355,'t-online.de/at/nulla/suspendisse/potenti.xml'
48,23,30,308,'earthlink.net/lobortis/vel/dapibus/at/diam/nam/tristique.js'
49,24,22,552,'hhs.gov/donec/vitae/nisi/nam/ultrices/libero.jsp'
50,25,3,802,'dagondesign.com/mauris/non/ligula/pellentesque/ultrices/phasellus.png'
