messageID,senderID,content,sentAt,receivedAt
1,83,'Nunc purus. Phasellus in felis. Donec semper sapien a libero.','2002-07-21 15:50:01','2010-12-07 5:34:01'
2,10,"'Vestibulum ac est lacinia nisi venenatis tristique. Fusce congue, diam id ornare imperdiet, sapien urna pretium nisl, ut volutpat sapien arcu sed augue.'",'2009-11-01 8:04:01','2011-08-25 18:43:01'
3,84,'Proin interdum mauris non ligula pellentesque ultrices. Phasellus id sapien in sapien iaculis congue.','2007-06-29 0:10:01','2009-10-20 9:18:01'
4,4,'Praesent id massa id nisl venenatis lacinia. Aenean sit amet justo. Morbi ut odio.','2012-05-12 16:48:01','2007-06-09 13:46:01'
5,44,'Donec semper sapien a libero. Nam dui.','2010-10-31 19:13:01','2012-12-27 1:28:01'
6,25,"'In hac habitasse platea dictumst. Aliquam augue quam, sollicitudin vitae, consectetuer eget, rutrum at, lorem. Integer tincidunt ante vel ipsum.'",'2002-02-03 9:08:01','2006-07-17 10:22:01'
7,49,'Suspendisse potenti. In eleifend quam a odio. In hac habitasse platea dictumst.','2003-06-18 8:42:01','2010-03-24 5:45:01'
8,59,"'Proin risus. Praesent lectus. Vestibulum quam sapien, varius ut, blandit non, interdum in, ante.'",'2009-07-28 6:32:01','2011-07-17 5:01:01'
9,25,'Nulla ut erat id mauris vulputate elementum. Nullam varius.','2006-09-20 8:12:01','2010-07-31 14:51:01'
10,1,"'Fusce lacus purus, aliquet at, feugiat non, pretium quis, lectus.'",'2004-09-01 13:45:01','2009-01-16 13:02:01'
11,16,'Donec semper sapien a libero. Nam dui.','2008-12-20 20:05:01','2010-02-19 1:21:01'
12,15,'Suspendisse potenti. Nullam porttitor lacus at turpis. Donec posuere metus vitae ipsum.','2006-02-23 16:22:01','2009-08-23 1:51:01'
13,6,'In hac habitasse platea dictumst.','2005-04-15 6:54:01','2009-03-23 9:53:01'
14,47,'In hac habitasse platea dictumst. Etiam faucibus cursus urna. Ut tellus.','2012-05-08 7:45:01','2004-03-01 1:13:01'
15,19,'Nullam molestie nibh in lectus. Pellentesque at nulla.','2010-12-03 4:11:01','2013-07-14 18:40:01'
16,24,'Duis aliquam convallis nunc.','2005-06-14 18:18:01','2007-05-06 5:29:01'
17,48,'Cras pellentesque volutpat dui.','2011-04-24 3:07:01','2005-02-05 11:44:01'
18,9,'Morbi non quam nec dui luctus rutrum. Nulla tellus. In sagittis dui vel nisl.','2008-11-28 6:07:01','2005-01-22 6:25:01'
19,65,'Aenean lectus. Pellentesque eget nunc.','2011-01-10 20:21:01','2005-06-14 13:19:01'
20,45,'Mauris lacinia sapien quis libero.','2001-03-19 6:09:01','2003-08-03 23:47:01'
21,51,'Pellentesque eget nunc. Donec quis orci eget orci vehicula condimentum. Curabitur in libero ut massa volutpat convallis.','2008-07-25 20:10:01','2008-12-20 8:34:01'
22,52,"'Duis bibendum, felis sed interdum venenatis, turpis enim blandit mi, in porttitor pede justo eu massa. Donec dapibus.'",'2007-02-10 18:42:01','2006-10-03 3:03:01'
23,1,'In congue.','2002-04-02 13:26:01','2006-04-05 8:46:01'
24,55,"'Cras in purus eu magna vulputate luctus. Cum sociis natoque penatibus et magnis dis parturient montes, nascetur ridiculus mus.'",'2010-03-27 9:19:01','2012-07-31 8:08:01'
25,37,'Nulla tellus. In sagittis dui vel nisl.','2014-01-06 5:17:01','2009-12-06 0:55:01'
26,30,'Phasellus sit amet erat. Nulla tempus. Vivamus in felis eu sapien cursus vestibulum.','2010-04-18 1:04:01','2015-02-21 10:13:01'
27,59,'Vestibulum ante ipsum primis in faucibus orci luctus et ultrices posuere cubilia Curae; Mauris viverra diam vitae quam. Suspendisse potenti.','2010-03-29 10:46:01','2014-06-08 8:40:01'
28,47,'Maecenas ut massa quis augue luctus tincidunt. Nulla mollis molestie lorem. Quisque ut erat.','2010-06-29 21:44:01','2002-10-17 17:50:01'
29,82,'Phasellus sit amet erat. Nulla tempus. Vivamus in felis eu sapien cursus vestibulum.','2002-05-28 6:58:01','2011-10-05 23:38:01'
30,96,'Praesent blandit lacinia erat. Vestibulum sed magna at nunc commodo placerat.','2013-02-05 0:20:01','2008-03-26 23:53:01'
31,16,'Nulla suscipit ligula in lacus. Curabitur at ipsum ac tellus semper interdum.','2009-10-11 6:20:01','2011-02-04 13:35:01'
32,26,"'Mauris ullamcorper purus sit amet nulla. Quisque arcu libero, rutrum ac, lobortis vel, dapibus at, diam.'",'2003-09-28 16:17:01','2010-01-01 9:48:01'
33,70,'Donec semper sapien a libero. Nam dui.','2009-05-07 21:58:01','2014-02-19 1:40:01'
34,71,"'Pellentesque viverra pede ac diam. Cras pellentesque volutpat dui. Maecenas tristique, est et tempus semper, est quam pharetra magna, ac consequat metus sapien ut nunc.'",'2011-02-25 20:26:01','2010-03-12 13:29:01'
35,100,'Vivamus in felis eu sapien cursus vestibulum. Proin eu mi.','2007-10-06 3:39:01','2007-08-09 9:12:01'
36,16,'Etiam pretium iaculis justo.','2004-04-03 6:51:01','2004-02-24 16:33:01'
37,85,'Phasellus in felis. Donec semper sapien a libero.','2006-01-02 14:41:01','2013-05-02 22:46:01'
38,46,'Maecenas tincidunt lacus at velit. Vivamus vel nulla eget eros elementum pellentesque.','2007-10-17 22:52:01','2008-07-20 5:19:01'
39,46,'Nullam molestie nibh in lectus. Pellentesque at nulla.','2011-12-17 5:52:01','2005-12-25 3:18:01'
40,73,'Curabitur gravida nisi at nibh.','2003-08-02 22:53:01','2003-07-30 12:25:01'
41,27,"'In tempor, turpis nec euismod scelerisque, quam turpis adipiscing lorem, vitae mattis nibh ligula nec sem. Duis aliquam convallis nunc.'",'2007-09-12 14:38:01','2010-06-12 1:09:01'
42,28,'Nunc purus. Phasellus in felis.','2004-03-23 22:31:01','2006-05-10 10:35:01'
43,99,'Nulla mollis molestie lorem. Quisque ut erat.','2001-05-27 13:59:01','2004-06-16 17:07:01'
44,95,'Vestibulum rutrum rutrum neque. Aenean auctor gravida sem.','2006-03-19 10:09:01','2014-03-24 8:46:01'
45,77,"'Vestibulum ante ipsum primis in faucibus orci luctus et ultrices posuere cubilia Curae; Donec pharetra, magna vestibulum aliquet ultrices, erat tortor sollicitudin mi, sit amet lobortis sapien sapien non mi. Integer ac neque. Duis bibendum.'",'2004-03-17 11:44:01','2010-02-14 14:00:01'
46,36,'Nam tristique tortor eu pede.','2007-06-09 15:27:01','2006-06-05 21:39:01'
47,12,'Phasellus in felis.','2011-11-09 3:39:01','2011-12-25 19:41:01'
48,69,'Fusce consequat. Nulla nisl.','2014-03-06 16:33:01','2007-10-09 8:27:01'
49,79,"'Nullam orci pede, venenatis non, sodales sed, tincidunt eu, felis. Fusce posuere felis sed lacus.'",'2011-11-08 21:00:01','2013-12-16 10:38:01'
50,30,"'Quisque porta volutpat erat. Quisque erat eros, viverra eget, congue eget, semper rutrum, nulla.'",'2008-02-06 10:47:01','2011-02-19 17:59:01'
51,55,"'Quisque arcu libero, rutrum ac, lobortis vel, dapibus at, diam.'",'2008-10-31 6:18:01','2003-06-07 16:39:01'
52,3,"'Nulla neque libero, convallis eget, eleifend luctus, ultricies eu, nibh. Quisque id justo sit amet sapien dignissim vestibulum. Vestibulum ante ipsum primis in faucibus orci luctus et ultrices posuere cubilia Curae; Nulla dapibus dolor vel est.'",'2003-08-20 22:04:01','2002-08-25 9:47:01'
53,12,'Pellentesque ultrices mattis odio.','2009-01-05 11:44:01','2013-07-23 21:19:01'
54,84,"'Vivamus metus arcu, adipiscing molestie, hendrerit at, vulputate vitae, nisl. Aenean lectus.'",'2004-04-04 19:36:01','2009-04-29 0:07:01'
55,43,"'Phasellus id sapien in sapien iaculis congue. Vivamus metus arcu, adipiscing molestie, hendrerit at, vulputate vitae, nisl.'",'2004-02-18 23:49:01','2001-12-09 1:31:01'
56,78,'Duis consequat dui nec nisi volutpat eleifend. Donec ut dolor.','2010-03-02 10:51:01','2001-09-18 10:08:01'
57,42,"'Maecenas tristique, est et tempus semper, est quam pharetra magna, ac consequat metus sapien ut nunc. Vestibulum ante ipsum primis in faucibus orci luctus et ultrices posuere cubilia Curae; Mauris viverra diam vitae quam. Suspendisse potenti.'",'2012-11-18 7:42:01','2014-03-16 9:51:01'
58,99,'Phasellus in felis. Donec semper sapien a libero.','2001-04-05 3:03:01','2003-10-11 8:29:01'
59,3,"'Morbi non lectus. Aliquam sit amet diam in magna bibendum imperdiet. Nullam orci pede, venenatis non, sodales sed, tincidunt eu, felis.'",'2008-02-10 9:57:01','2006-05-24 1:15:01'
60,55,'Morbi a ipsum. Integer a nibh.','2008-02-23 5:52:01','2008-08-20 17:45:01'
61,76,"'In hac habitasse platea dictumst. Aliquam augue quam, sollicitudin vitae, consectetuer eget, rutrum at, lorem. Integer tincidunt ante vel ipsum.'",'2006-10-04 12:50:01','2003-05-28 11:26:01'
62,10,"'Cras mi pede, malesuada in, imperdiet et, commodo vulputate, justo. In blandit ultrices enim.'",'2006-03-17 14:09:01','2014-10-06 20:51:01'
63,84,"'Fusce posuere felis sed lacus. Morbi sem mauris, laoreet ut, rhoncus aliquet, pulvinar sed, nisl. Nunc rhoncus dui vel sem.'",'2005-03-31 13:36:01','2002-07-07 14:10:01'
64,82,"'Integer pede justo, lacinia eget, tincidunt eget, tempus vel, pede.'",'2007-07-21 10:41:01','2007-09-15 16:09:01'
65,61,"'Aenean sit amet justo. Morbi ut odio. Cras mi pede, malesuada in, imperdiet et, commodo vulputate, justo.'",'2008-04-29 23:29:01','2005-07-31 17:49:01'
66,34,"'Lorem ipsum dolor sit amet, consectetuer adipiscing elit. Proin interdum mauris non ligula pellentesque ultrices.'",'2008-06-20 21:38:01','2013-10-23 7:16:01'
67,67,"'Sed sagittis. Nam congue, risus semper porta volutpat, quam pede lobortis ligula, sit amet eleifend pede libero quis orci. Nullam molestie nibh in lectus.'",'2008-06-21 23:41:01','2005-02-22 16:23:01'
68,68,'Vivamus in felis eu sapien cursus vestibulum.','2008-09-24 20:45:01','2013-10-05 20:35:01'
69,36,'Vestibulum rutrum rutrum neque. Aenean auctor gravida sem.','2007-01-14 0:29:01','2011-04-16 8:11:01'
70,63,'Sed ante. Vivamus tortor.','2005-08-21 0:48:01','2001-11-20 6:27:01'
71,69,"'Vestibulum quam sapien, varius ut, blandit non, interdum in, ante. Vestibulum ante ipsum primis in faucibus orci luctus et ultrices posuere cubilia Curae; Duis faucibus accumsan odio.'",'2014-09-13 7:29:01','2007-04-12 5:30:01'
72,61,"'Nam ultrices, libero non mattis pulvinar, nulla pede ullamcorper augue, a suscipit nulla elit ac nulla. Sed vel enim sit amet nunc viverra dapibus. Nulla suscipit ligula in lacus.'",'2002-02-23 9:37:01','2008-02-14 5:20:01'
73,94,"'Suspendisse potenti. Cras in purus eu magna vulputate luctus. Cum sociis natoque penatibus et magnis dis parturient montes, nascetur ridiculus mus.'",'2006-06-19 8:52:01','2001-08-08 4:00:01'
74,12,'Praesent blandit lacinia erat.','2011-01-19 5:58:01','2006-04-10 13:51:01'
75,30,'Sed vel enim sit amet nunc viverra dapibus. Nulla suscipit ligula in lacus.','2007-05-01 21:47:01','2007-12-24 13:27:01'
76,9,'Vivamus vestibulum sagittis sapien.','2014-01-25 3:29:01','2010-03-20 9:15:01'
77,5,'Curabitur gravida nisi at nibh.','2014-05-17 14:44:01','2011-12-01 20:31:01'
78,41,"'Praesent lectus. Vestibulum quam sapien, varius ut, blandit non, interdum in, ante. Vestibulum ante ipsum primis in faucibus orci luctus et ultrices posuere cubilia Curae; Duis faucibus accumsan odio.'",'2006-07-06 1:56:01','2012-07-03 23:34:01'
79,53,"'Morbi non lectus. Aliquam sit amet diam in magna bibendum imperdiet. Nullam orci pede, venenatis non, sodales sed, tincidunt eu, felis.'",'2007-10-18 17:39:01','2001-08-18 6:10:01'
80,1,'Aliquam sit amet diam in magna bibendum imperdiet.','2014-08-04 14:52:01','2009-12-30 10:06:01'
81,38,'Pellentesque ultrices mattis odio. Donec vitae nisi.','2009-04-04 12:53:01','2013-12-03 17:10:01'
82,38,"'Morbi sem mauris, laoreet ut, rhoncus aliquet, pulvinar sed, nisl. Nunc rhoncus dui vel sem. Sed sagittis.'",'2010-12-07 3:00:01','2008-01-02 3:20:01'
83,87,"'Cum sociis natoque penatibus et magnis dis parturient montes, nascetur ridiculus mus. Etiam vel augue.'",'2005-08-29 14:30:01','2007-06-08 5:31:01'
84,79,"'Morbi odio odio, elementum eu, interdum eu, tincidunt in, leo. Maecenas pulvinar lobortis est.'",'2014-11-12 18:49:01','2006-07-28 16:13:01'
85,40,'Duis bibendum. Morbi non quam nec dui luctus rutrum. Nulla tellus.','2002-08-08 11:50:01','2005-06-27 12:46:01'
86,13,"'Integer aliquet, massa id lobortis convallis, tortor risus dapibus augue, vel accumsan tellus nisi eu orci.'",'2003-12-19 23:26:01','2003-05-05 22:00:01'
87,83,'Quisque ut erat. Curabitur gravida nisi at nibh.','2005-06-04 13:51:01','2002-08-12 21:17:01'
88,1,'Etiam vel augue. Vestibulum rutrum rutrum neque. Aenean auctor gravida sem.','2002-07-15 11:50:01','2013-10-16 12:34:01'
89,64,'Morbi non lectus.','2003-07-03 22:39:01','2007-04-03 18:01:01'
90,54,'Morbi porttitor lorem id ligula.','2014-05-14 18:45:01','2013-03-21 10:26:01'
91,41,'Vestibulum sed magna at nunc commodo placerat. Praesent blandit.','2013-02-28 16:52:01','2010-03-19 12:13:01'
92,44,"'Vestibulum ante ipsum primis in faucibus orci luctus et ultrices posuere cubilia Curae; Donec pharetra, magna vestibulum aliquet ultrices, erat tortor sollicitudin mi, sit amet lobortis sapien sapien non mi. Integer ac neque. Duis bibendum.'",'2009-06-20 23:21:01','2010-12-21 11:13:01'
93,99,'Curabitur gravida nisi at nibh. In hac habitasse platea dictumst.','2014-11-04 21:20:01','2004-01-24 16:08:01'
94,3,'Aliquam erat volutpat.','2010-05-27 16:56:01','2002-11-15 4:53:01'
95,97,'Proin at turpis a pede posuere nonummy. Integer non velit.','2011-03-26 10:00:01','2002-04-13 22:07:01'
96,85,'Pellentesque eget nunc. Donec quis orci eget orci vehicula condimentum.','2002-06-03 21:26:01','2006-12-06 0:37:01'
97,54,'Cras pellentesque volutpat dui.','2007-09-22 20:44:01','2013-05-11 19:25:01'
98,9,"'In tempor, turpis nec euismod scelerisque, quam turpis adipiscing lorem, vitae mattis nibh ligula nec sem.'",'2001-07-12 4:36:01','2009-02-08 23:48:01'
99,82,"'Fusce lacus purus, aliquet at, feugiat non, pretium quis, lectus.'",'2013-04-21 18:12:01','2008-06-04 16:14:01'
100,95,'Sed accumsan felis. Ut at dolor quis odio consequat varius.','2007-04-21 19:54:01','2004-09-05 19:37:01'
