memberID,name,email,password
1,'Jerry','jbutler0@squidoo.com','R3yUz1Q'
2,'Joyce','jallen1@elpais.com','wGYf1ez'
3,'Brenda','bgutierrez2@answers.com','MxoASzcFe'
4,'Jean','jlane3@va.gov','jaxTQbXX'
5,'Irene','iwillis4@cloudflare.com','Fn1LYbqDhFx'
6,'Jeffrey','jcarpenter5@linkedin.com','2yKU35W'
7,'Scott','srichardson6@blogs.com','HlazSXrmL'
8,'Arthur','agreene7@sitemeter.com','CEyFbin'
9,'Donna','dgriffin8@quantcast.com','tYiPPhW78'
10,'Jonathan','jferguson9@va.gov','LNv4GZHOO'
11,'Michelle','mjacobsa@amazon.com','2SCyvjS3y'
12,'Harry','hgarrettb@cdbaby.com','fzziI7eva'
13,'Patrick','pjordanc@php.net','9SfKb6'
14,'Judy','jpalmerd@dyndns.org','gxfhvW1'
15,'Margaret','mstephense@cbc.ca','0qpi2I16KmKI'
16,'John','jgreenf@scribd.com','cEsevcceQ1'
17,'Edward','ecarrollg@angelfire.com','fd1tX4E29UX4'
18,'Kevin','kwalkerh@kickstarter.com','7PGmTgeK'
19,'Phyllis','pjacksoni@domainmarket.com','41kPq1CY'
20,'Heather','hhowellj@accuweather.com','58LgMyW'
21,'Martin','mwashingtonk@i2i.jp','QeGWBMjnUPk'
22,'Norma','nlittlel@java.com','invXUSf01yIq'
23,'Linda','lraym@t.co','xf6wVvt3'
24,'Eugene','eparkern@upenn.edu','yVwYdZXsnf'
25,'Barbara','bgriffino@cisco.com','wAAiEh6'
26,'Deborah','dgarciap@xinhuanet.com','GGffAAS4IzC'
27,'Lisa','lrodriguezq@amazon.co.jp','jKVFFW'
28,'Laura','ldunnr@icio.us','DTVppTaamoo'
29,'Joshua','jgonzalezs@yale.edu','DMe2t7eyL'
30,'Judith','jwoodst@latimes.com','wylQm1A7tA'
31,'Louise','lgarciau@cbsnews.com','ZTfnnG'
32,'Peter','ppattersonv@soup.io','Ogfe9S2z1'
33,'Patrick','phowardw@mlb.com','9KFxkpVM'
34,'Joyce','jmoralesx@aol.com','ozYPm6iNaso'
35,'Kevin','kgeorgey@sohu.com','BH9WAdPui8w'
36,'Sharon','sreyesz@cbslocal.com','kuKcq6Pvi'
37,'Bobby','bcarter10@businessweek.com','2p6X6S2F'
38,'Adam','acole11@moonfruit.com','E39YxDqD'
39,'Ann','areynolds12@amazon.co.uk','2wreIYEVL3ml'
40,'David','dsimpson13@nbcnews.com','wANkgM'
41,'Rebecca','rrichardson14@aboutads.info','YTXNUAbp'
42,'Diana','dfoster15@g.co','oHKKQjmB7Dg'
43,'Kevin','kortiz16@ftc.gov','RRDGJGI'
44,'George','ggraham17@mozilla.com','fkQWGTswL'
45,'Heather','hcrawford18@hibu.com','3pDvDSVF'
46,'Alice','awood19@constantcontact.com','HZO7LsNkrkW'
47,'Juan','jrodriguez1a@alexa.com','rrYpdsl'
48,'Martin','mharris1b@google.com','eoqhTrqUM4Xc'
49,'Brandon','badams1c@facebook.com','mOsAfQ0'
50,'Janet','jhart1d@shinystat.com','30K3zGwe1'
51,'Kathy','ksimmons1e@xing.com','XKCauMcVHAHB'
52,'Antonio','acarr1f@unesco.org','VaP2nH'
53,'Jeffrey','jmorrison1g@imageshack.us','jepLOqEGfyv'
54,'Kenneth','kfreeman1h@hp.com','1ZKVkIW'
55,'Paula','pwilliams1i@stanford.edu','1prfRAF'
56,'Ruth','rcollins1j@sbwire.com','f0vSneCYx'
57,'Justin','jcruz1k@businesswire.com','LspLwXyHfA'
58,'Ruth','rrichards1l@businesswire.com','4cX6ACRujS2H'
59,'Joan','jreid1m@oracle.com','gS48VEkjly'
60,'Marie','mmorgan1n@merriam-webster.com','cztQzGLRk3q'
61,'Lisa','lfowler1o@mozilla.com','mG8frWdLihHR'
62,'Paula','pdean1p@baidu.com','Lmo8ebgJwzts'
63,'Roger','rpierce1q@wufoo.com','dD7U38'
64,'Gary','ggraham1r@vistaprint.com','RhM3k5'
65,'Theresa','tmoore1s@eventbrite.com','0GH5KwxO'
66,'Jennifer','jweaver1t@wsj.com','zqwuUBcnE9C'
67,'Robert','rhicks1u@opensource.org','PytJg80UzRxy'
68,'Janice','jperkins1v@yellowpages.com','Nm9PQwpL'
69,'Anthony','aturner1w@yellowbook.com','q0b9rBLc'
70,'Brenda','bryan1x@nytimes.com','qGEpuBxC'
71,'Nancy','nshaw1y@ning.com','EcrT9xnF'
72,'Julie','jbell1z@miibeian.gov.cn','HkKWSRA'
73,'Wayne','wstevens20@dot.gov','d5nc1Uimd'
74,'Tammy','ttaylor21@techcrunch.com','AxIgjwZyBxLx'
75,'Michelle','mwhite22@google.es','Wj6gHDrgY4j'
76,'Gregory','groberts23@prnewswire.com','KKN6L9P'
77,'Billy','blarson24@skype.com','QDLkVO3'
78,'Michael','mgardner25@msu.edu','7kuSUVMFN8cU'
79,'Donna','dlewis26@jalbum.net','TNDR2D'
80,'Jason','jbennett27@ihg.com','tOEAdO0v'
81,'Roy','rcooper28@sogou.com','WM1fJbRNEL'
82,'Michael','mwalker29@latimes.com','DCMLJiZC'
83,'Arthur','abutler2a@ucoz.com','WPfLJ6O75z'
84,'Jean','jjenkins2b@dot.gov','hbB9NSGPkVf'
85,'Lisa','lcarroll2c@imdb.com','EMQ6NgFdZU'
86,'Ann','amurray2d@webs.com','F4xqf8k8x9'
87,'Dorothy','dparker2e@webs.com','POlAu7'
88,'Jacqueline','jwallace2f@engadget.com','qqp1LgViu8p'
89,'Denise','druiz2g@tinyurl.com','EK5hcGzfUEE'
90,'Teresa','tburton2h@slideshare.net','PTFe2XeMS'
91,'Juan','jwright2i@house.gov','M66PDC4Ti'
92,'Laura','lbennett2j@dmoz.org','sunAmxW4y9oc'
93,'Shawn','smorris2k@va.gov','uOczCk'
94,'Katherine','kwood2l@jimdo.com','PeEvqEu'
95,'Jessica','joliver2m@google.co.uk','rKmFFE3zX'
96,'Brandon','bcox2n@freewebs.com','2gXWn3'
97,'Rebecca','rnguyen2o@telegraph.co.uk','2klhnB'
98,'Michelle','mflores2p@redcross.org','yUH9Ubvh3eP'
99,'Lois','lhunt2q@umich.edu','GcIAn0w'
100,'Gerald','gcole2r@youtube.com','UN7ZfU'
