serviceID,ideaID,memberID,'content'
1,1,74,'Curabitur in libero ut massa volutpat convallis. Morbi odio odio, elementum eu, interdum eu, tincidunt in, leo.'
2,2,43,'Duis bibendum, felis sed interdum venenatis, turpis enim blandit mi, in porttitor pede justo eu massa.'
3,3,75,'Quisque id justo sit amet sapien dignissim vestibulum. Vestibulum ante ipsum primis in faucibus orci luctus et ultrices posuere cubilia Curae; Nulla dapibus dolor vel est.'
4,4,51,'Nunc rhoncus dui vel sem. Sed sagittis.'
5,5,89,'Vestibulum rutrum rutrum neque.'
6,6,25,'Vestibulum ante ipsum primis in faucibus orci luctus et ultrices posuere cubilia Curae; Donec pharetra, magna vestibulum aliquet ultrices, erat tortor sollicitudin mi, sit amet lobortis sapien sapien non mi.'
7,7,10,'Donec ut mauris eget massa tempor convallis. Nulla neque libero, convallis eget, eleifend luctus, ultricies eu, nibh. Quisque id justo sit amet sapien dignissim vestibulum.'
8,8,5,'Fusce congue, diam id ornare imperdiet, sapien urna pretium nisl, ut volutpat sapien arcu sed augue.'
9,9,23,'Etiam vel augue. Vestibulum rutrum rutrum neque.'
10,10,40,'Vivamus vel nulla eget eros elementum pellentesque. Quisque porta volutpat erat. Quisque erat eros, viverra eget, congue eget, semper rutrum, nulla.'
11,11,41,'Suspendisse potenti. Cras in purus eu magna vulputate luctus. Cum sociis natoque penatibus et magnis dis parturient montes, nascetur ridiculus mus.'
12,12,19,'Nam dui.'
13,13,44,'Vestibulum ante ipsum primis in faucibus orci luctus et ultrices posuere cubilia Curae; Mauris viverra diam vitae quam.'
14,14,27,'In tempor, turpis nec euismod scelerisque, quam turpis adipiscing lorem, vitae mattis nibh ligula nec sem. Duis aliquam convallis nunc.'
15,15,9,'Vestibulum rutrum rutrum neque. Aenean auctor gravida sem. Praesent id massa id nisl venenatis lacinia.'
16,16,93,'Nulla justo. Aliquam quis turpis eget elit sodales scelerisque. Mauris sit amet eros.'
17,17,82,'In eleifend quam a odio. In hac habitasse platea dictumst.'
18,18,14,'In congue. Etiam justo.'
19,19,63,'Curabitur gravida nisi at nibh.'
20,20,63,'Aenean lectus. Pellentesque eget nunc. Donec quis orci eget orci vehicula condimentum.'
21,21,97,'Maecenas tincidunt lacus at velit.'
22,22,75,'Integer tincidunt ante vel ipsum.'
23,23,28,'Duis aliquam convallis nunc. Proin at turpis a pede posuere nonummy.'
24,24,17,'In blandit ultrices enim. Lorem ipsum dolor sit amet, consectetuer adipiscing elit. Proin interdum mauris non ligula pellentesque ultrices.'
25,25,71,'Donec ut mauris eget massa tempor convallis. Nulla neque libero, convallis eget, eleifend luctus, ultricies eu, nibh.'
